ER34111,ER34113,avg(zeros),avg(non_zeros),count
1.0,97.0,40.75,30.25,4
1.0,0.0,41.6850420550125,29.314957944987498,8798
1.0,5.0,38.666666666666664,32.333333333333336,3
0.0,0.0,54.55242390078918,16.447576099210824,2661
1.0,3.0,41.76923076923077,29.23076923076923,13
5.0,0.0,42.66525155240147,28.33474844759853,15782
