ER34111,ER34114,avg(zeros),avg(non_zeros),count
1.0,97.0,41.0,30.0,1
1.0,0.0,41.68462847419172,29.31537152580828,8815
1.0,4.0,34.0,37.0,1
0.0,0.0,54.55242390078918,16.447576099210824,2661
1.0,7.0,42.0,29.0,1
5.0,0.0,42.66525155240147,28.33474844759853,15782
