ER34111,ER34112,avg(zeros),avg(non_zeros),count
5.0,1.0,55.0,16.0,1
1.0,1.0,40.859740259740256,30.14025974025974,385
1.0,97.0,40.75714285714286,30.242857142857144,70
1.0,0.0,41.81454361823002,29.185456381769978,7921
5.0,97.0,34.75,36.25,4
1.0,4.0,40.2,30.8,5
1.0,5.0,41.0,30.0,3
1.0,2.0,40.11483253588517,30.885167464114833,418
0.0,0.0,54.55242390078918,16.447576099210824,2661
1.0,3.0,42.375,28.625,16
5.0,0.0,42.66647651644799,28.333523483552007,15777
